Category,Type,Provider,Title,URL,Duration,Certification,Format,Primary Topics,Ideal Time Windows,Region/Regulation Focus
Foundations & Strategy,Video Course (MOOC),Coursera / DeepLearning.AI,AI for Everyone (Andrew Ng),https://www.coursera.org/learn/ai-for-everyone,≈6 hours (4 modules),Coursera certificate (paid); audit free,Video + quizzes,"AI basics, business strategy, project setup, ethics",15–30 min lessons; 1-hour blocks; commute-friendly,Global; ethics & strategy (non-jurisdictional)
Foundations & Strategy,Learning Path,Microsoft Learn,Transform your business with Microsoft AI (AI-3017),https://learn.microsoft.com/en-us/training/paths/transform-your-business-with-microsoft-ai/,4 modules (self-paced),Microsoft Learn achievement record,Short videos + readings + case studies,"Strategy, planning, scaling AI, responsible AI",15–20 min videos; 1-hour modules,Global; governance concepts (non-jurisdictional)
Generative AI,Micro-course (Badge),Google Cloud Skills Boost,Introduction to Generative AI,https://www.cloudskillsboost.google/course_templates/536,≈45 minutes,Google Cloud skill badge,Short videos + quiz,"GenAI fundamentals, use cases, Google tooling",Single 45-min session; 3×15-min sprints,Global; technology overview
Generative AI,Video Course,DeepLearning.AI,Generative AI for Everyone (Andrew Ng),https://www.deeplearning.ai/courses/generative-ai-for-everyone/,≈3 hours (3 modules),Platform completion (free access),Video + hands-on prompting exercises,"Capabilities & limits, prompting, business impact",3×1-hour sessions; commute-friendly,Global; risk awareness (non-jurisdictional)
Generative AI,Specialization (3-course series),IBM / Coursera,Generative AI for Executives and Business Leaders,https://www.coursera.org/specializations/generative-ai-for-executives-and-business-leaders,3 short courses (self-paced),Coursera certificate (paid) + IBM digital badge,Video + quizzes + applied planning,"Use-case identification, integration strategy, governance, cost–benefit",3–6 hours total; modular per course,Global; governance & adoption frameworks
Responsible AI & Governance,Micro-course (Badge),Google Cloud Skills Boost,Introduction to Responsible AI,https://www.cloudskillsboost.google/course_templates/554,≈30 minutes,Google Cloud skill badge,Short videos + quiz,"Responsible AI concepts, principles, risk awareness",Single 30-min session,Global; principles-based
Responsible AI & Governance,Course,Google Cloud Skills Boost,Responsible AI: Applying AI Principles with Google Cloud,https://www.cloudskillsboost.google/course_templates/388,≈2 hours,Google Cloud skill badge,Videos + readings + knowledge checks,"Operationalizing responsible AI, governance practices, lessons learned",2×1-hour blocks,Global; operational governance
Ethics & Society,MOOC,Lund University / Coursera,Artificial Intelligence: Ethics & Societal Challenges,https://www.coursera.org/learn/ai-ethics,4 weeks (self-paced),Coursera certificate (paid); audit free,Video lectures + discussion,"Ethics, bias, privacy, policy & societal impact",Weekly: ~2–3 hrs; commute-friendly,Global; EU academic perspective
Risk & Hallucinations,Explainer Article,Jotform,What are AI hallucinations?,https://www.jotform.com/ai/ai-hallucination/,10–15 minutes (article),N/A,Text (illustrated),"Definition, examples, mitigation, human oversight",One short read,Global; practical business guidance
